-- phpMyAdmin SQL Dump
-- version 4.8.4
-- https://www.phpmyadmin.net/
--
-- Servidor: 127.0.0.1
-- Tiempo de generación: 14-01-2020 a las 01:09:52
-- Versión del servidor: 10.1.37-MariaDB
-- Versión de PHP: 7.3.0

SET SQL_MODE = "NO_AUTO_VALUE_ON_ZERO";
SET AUTOCOMMIT = 0;
START TRANSACTION;
SET time_zone = "+00:00";


/*!40101 SET @OLD_CHARACTER_SET_CLIENT=@@CHARACTER_SET_CLIENT */;
/*!40101 SET @OLD_CHARACTER_SET_RESULTS=@@CHARACTER_SET_RESULTS */;
/*!40101 SET @OLD_COLLATION_CONNECTION=@@COLLATION_CONNECTION */;
/*!40101 SET NAMES utf8mb4 */;

--
-- Base de datos: `pepsidb`
--

-- --------------------------------------------------------

--
-- Estructura de tabla para la tabla `call_center_reports`
--

CREATE TABLE `call_center_reports` (
  `id` bigint(20) UNSIGNED NOT NULL,
  `group` varchar(191) COLLATE utf8mb4_unicode_ci NOT NULL,
  `user_id` int(10) UNSIGNED NOT NULL,
  `date` date NOT NULL,
  `call_assigned` int(11) NOT NULL,
  `call_managed` int(11) NOT NULL,
  `call_reject` int(11) NOT NULL,
  `call_unattended` int(11) NOT NULL,
  `call_average_response_time` varchar(191) COLLATE utf8mb4_unicode_ci NOT NULL,
  `call_outgoing` int(11) NOT NULL,
  `call_inquiry` int(11) NOT NULL,
  `email_assigned` int(11) NOT NULL,
  `email_managed` int(11) NOT NULL,
  `email_outgoing` int(11) NOT NULL,
  `email_average_response_time` varchar(191) COLLATE utf8mb4_unicode_ci NOT NULL,
  `chat_assigned` int(11) NOT NULL,
  `chat_managed` int(11) NOT NULL,
  `chat_average_response_time` varchar(191) COLLATE utf8mb4_unicode_ci NOT NULL,
  `returned_call_assigned` int(11) NOT NULL,
  `returned_call_managed` int(11) NOT NULL,
  `returned_call_average_response_time` varchar(191) COLLATE utf8mb4_unicode_ci NOT NULL,
  `sms` int(11) NOT NULL,
  `created_at` timestamp NULL DEFAULT NULL,
  `updated_at` timestamp NULL DEFAULT NULL
) ENGINE=InnoDB DEFAULT CHARSET=utf8mb4 COLLATE=utf8mb4_unicode_ci;

--
-- Volcado de datos para la tabla `call_center_reports`
--

INSERT INTO `call_center_reports` (`id`, `group`, `user_id`, `date`, `call_assigned`, `call_managed`, `call_reject`, `call_unattended`, `call_average_response_time`, `call_outgoing`, `call_inquiry`, `email_assigned`, `email_managed`, `email_outgoing`, `email_average_response_time`, `chat_assigned`, `chat_managed`, `chat_average_response_time`, `returned_call_assigned`, `returned_call_managed`, `returned_call_average_response_time`, `sms`, `created_at`, `updated_at`) VALUES
(1, 'Grupo 1', 2, '2020-01-09', 10, 9, 1, 0, '00:00:10', 2, 1, 20, 20, 0, '10:00:00', 10, 6, '10:00:00', 0, 29, '00:00:10', 20, '2020-01-09 04:00:00', '2020-01-09 04:00:00'),
(2, 'Grupo 1', 2, '2020-01-10', 10, 9, 1, 0, '00:00:10', 2, 1, 20, 20, 0, '10:00:00', 10, 6, '10:00:00', 0, 29, '00:00:10', 20, '2020-01-09 04:00:00', '2020-01-09 04:00:00'),
(3, 'Grupo 1', 2, '2020-01-11', 10, 9, 1, 0, '00:00:10', 2, 1, 20, 20, 0, '10:00:00', 10, 6, '10:00:00', 0, 29, '00:00:10', 20, '2020-01-09 04:00:00', '2020-01-09 04:00:00'),
(4, 'Grupo 1', 2, '2020-01-12', 10, 9, 1, 0, '00:00:10', 2, 1, 20, 20, 0, '10:00:00', 10, 6, '10:00:00', 0, 29, '00:00:10', 20, '2020-01-09 04:00:00', '2020-01-09 04:00:00'),
(5, 'Grupo 1', 2, '2020-01-13', 10, 9, 1, 0, '00:00:10', 2, 1, 20, 20, 0, '10:00:00', 10, 6, '10:00:00', 0, 29, '00:00:10', 20, '2020-01-09 04:00:00', '2020-01-09 04:00:00'),
(6, 'Grupo 1', 2, '2020-01-04', 10, 9, 1, 0, '00:00:10', 2, 1, 20, 20, 0, '10:00:00', 10, 6, '10:00:00', 0, 29, '00:00:10', 20, '2020-01-09 04:00:00', '2020-01-09 04:00:00'),
(7, 'Grupo 1', 2, '2020-01-16', 10, 9, 1, 0, '00:00:10', 2, 1, 20, 20, 0, '10:00:00', 10, 6, '10:00:00', 0, 29, '00:00:10', 20, '2020-01-09 04:00:00', '2020-01-09 04:00:00'),
(8, 'Grupo 1', 2, '2020-01-17', 10, 9, 1, 0, '00:00:10', 2, 1, 20, 20, 0, '10:00:00', 10, 6, '10:00:00', 0, 29, '00:00:10', 20, '2020-01-09 04:00:00', '2020-01-09 04:00:00'),
(9, 'Grupo 1', 2, '2020-01-15', 10, 9, 1, 0, '00:00:10', 2, 1, 20, 20, 0, '10:00:00', 10, 6, '10:00:00', 0, 29, '00:00:10', 20, '2020-01-09 04:00:00', '2020-01-09 04:00:00'),
(10, 'Grupo 1', 2, '2020-01-18', 10, 9, 1, 0, '00:00:10', 2, 1, 20, 20, 0, '10:00:00', 10, 6, '10:00:00', 0, 29, '00:00:10', 20, '2020-01-09 04:00:00', '2020-01-09 04:00:00'),
(11, 'Grupo 1', 2, '2020-01-08', 10, 9, 1, 0, '00:00:10', 2, 1, 20, 20, 0, '10:00:00', 10, 6, '10:00:00', 0, 29, '00:00:10', 20, '2020-01-09 04:00:00', '2020-01-09 04:00:00'),
(12, 'Grupo 1', 3, '2020-01-09', 10, 9, 1, 0, '00:00:10', 2, 1, 20, 20, 0, '10:00:00', 10, 6, '10:00:00', 0, 29, '00:00:10', 20, '2020-01-09 04:00:00', '2020-01-09 04:00:00'),
(13, 'Grupo 1', 3, '2020-01-09', 10, 9, 1, 0, '00:00:10', 2, 1, 20, 20, 0, '10:00:00', 10, 6, '10:00:00', 0, 29, '00:00:10', 20, '2020-01-09 04:00:00', '2020-01-09 04:00:00'),
(14, 'Grupo 1', 3, '2020-01-09', 10, 9, 1, 0, '00:00:10', 2, 1, 20, 20, 0, '10:00:00', 10, 6, '10:00:00', 0, 29, '00:00:10', 20, '2020-01-09 04:00:00', '2020-01-09 04:00:00'),
(15, 'Grupo 1', 3, '2020-01-09', 10, 9, 1, 0, '00:00:10', 2, 1, 20, 20, 0, '10:00:00', 10, 6, '10:00:00', 0, 29, '00:00:10', 20, '2020-01-09 04:00:00', '2020-01-09 04:00:00'),
(16, 'Grupo 1', 3, '2020-01-09', 10, 9, 1, 0, '00:00:10', 2, 1, 20, 20, 0, '10:00:00', 10, 6, '10:00:00', 0, 29, '00:00:10', 20, '2020-01-09 04:00:00', '2020-01-09 04:00:00'),
(17, 'Grupo 1', 3, '2020-01-09', 10, 9, 1, 0, '00:00:10', 2, 1, 20, 20, 0, '10:00:00', 10, 6, '10:00:00', 0, 29, '00:00:10', 20, '2020-01-09 04:00:00', '2020-01-09 04:00:00'),
(18, 'Grupo 1', 3, '2020-01-09', 10, 9, 1, 0, '00:00:10', 2, 1, 20, 20, 0, '10:00:00', 10, 6, '10:00:00', 0, 29, '00:00:10', 20, '2020-01-09 04:00:00', '2020-01-09 04:00:00'),
(19, 'Grupo 1', 3, '2020-01-09', 10, 9, 1, 0, '00:00:10', 2, 1, 20, 20, 0, '10:00:00', 10, 6, '10:00:00', 0, 29, '00:00:10', 20, '2020-01-09 04:00:00', '2020-01-09 04:00:00'),
(20, 'Grupo 1', 3, '2020-01-09', 10, 9, 1, 0, '00:00:10', 2, 1, 20, 20, 0, '10:00:00', 10, 6, '10:00:00', 0, 29, '00:00:10', 20, '2020-01-09 04:00:00', '2020-01-09 04:00:00'),
(21, 'Grupo 1', 2, '2020-01-09', 10, 9, 1, 0, '00:00:10', 2, 1, 20, 20, 0, '10:00:00', 10, 6, '10:00:00', 0, 29, '00:00:10', 20, '2020-01-09 04:00:00', '2020-01-09 04:00:00'),
(22, 'Grupo 1', 2, '2020-01-09', 10, 9, 1, 0, '00:00:10', 2, 1, 20, 20, 0, '10:00:00', 10, 6, '10:00:00', 0, 29, '00:00:10', 20, '2020-01-09 04:00:00', '2020-01-09 04:00:00'),
(23, 'Grupo 1', 2, '2020-01-09', 10, 9, 1, 0, '00:00:10', 2, 1, 20, 20, 0, '10:00:00', 10, 6, '10:00:00', 0, 29, '00:00:10', 20, '2020-01-09 04:00:00', '2020-01-09 04:00:00'),
(24, 'Grupo 1', 3, '2020-01-09', 10, 9, 1, 0, '00:00:10', 2, 1, 20, 20, 0, '10:00:00', 10, 6, '10:00:00', 0, 29, '00:00:10', 20, '2020-01-09 04:00:00', '2020-01-09 04:00:00'),
(25, 'Grupo 1', 3, '2020-01-09', 10, 9, 1, 0, '00:00:10', 2, 1, 20, 20, 0, '10:00:00', 10, 6, '10:00:00', 0, 29, '00:00:10', 20, '2020-01-09 04:00:00', '2020-01-09 04:00:00'),
(26, 'Grupo 1', 3, '2020-01-09', 10, 9, 1, 0, '00:00:10', 2, 1, 20, 20, 0, '10:00:00', 10, 6, '10:00:00', 0, 29, '00:00:10', 20, '2020-01-09 04:00:00', '2020-01-09 04:00:00'),
(27, 'Grupo 1', 3, '2020-01-09', 10, 9, 1, 0, '00:00:10', 2, 1, 20, 20, 0, '10:00:00', 10, 6, '10:00:00', 0, 29, '00:00:10', 20, '2020-01-09 04:00:00', '2020-01-09 04:00:00'),
(28, 'Grupo 1', 3, '2020-01-09', 10, 9, 1, 0, '00:00:10', 2, 1, 20, 20, 0, '10:00:00', 10, 6, '10:00:00', 0, 29, '00:00:10', 20, '2020-01-09 04:00:00', '2020-01-09 04:00:00'),
(29, 'Grupo 1', 3, '2020-01-09', 10, 9, 1, 0, '00:00:10', 2, 1, 20, 20, 0, '10:00:00', 10, 6, '10:00:00', 0, 29, '00:00:10', 20, '2020-01-09 04:00:00', '2020-01-09 04:00:00'),
(30, 'Grupo 1', 3, '2020-01-09', 10, 9, 1, 0, '00:00:10', 2, 1, 20, 20, 0, '10:00:00', 10, 6, '10:00:00', 0, 29, '00:00:10', 20, '2020-01-09 04:00:00', '2020-01-09 04:00:00'),
(31, 'Grupo 1', 3, '2020-01-09', 10, 9, 1, 0, '00:00:10', 2, 1, 20, 20, 0, '10:00:00', 10, 6, '10:00:00', 0, 29, '00:00:10', 20, '2020-01-09 04:00:00', '2020-01-09 04:00:00'),
(32, 'Grupo 1', 3, '2020-01-09', 10, 9, 1, 0, '00:00:10', 2, 1, 20, 20, 0, '10:00:00', 10, 6, '10:00:00', 0, 29, '00:00:10', 20, '2020-01-09 04:00:00', '2020-01-09 04:00:00'),
(33, 'Grupo 1', 2, '2020-01-09', 10, 9, 1, 0, '00:00:10', 2, 1, 20, 20, 0, '10:00:00', 10, 6, '10:00:00', 0, 29, '00:00:10', 20, NULL, NULL),
(34, 'Grupo 1', 2, '2020-01-09', 10, 9, 1, 0, '00:00:10', 2, 1, 20, 20, 0, '10:00:00', 10, 6, '10:00:00', 0, 29, '00:00:10', 20, '2020-01-12 18:14:56', '2020-01-12 18:14:56'),
(111, 'Reparar Reporting Group', 4, '2019-11-04', 58, 57, 1, 0, '0:00:02', 1, 0, 0, 0, 0, '0:00:00', 0, 0, '0:00:00', 0, 0, '0:00:00', 0, '2020-01-12 19:09:52', '2020-01-12 19:09:52'),
(112, 'Reparar Reporting Group', 4, '2019-11-05', 49, 46, 2, 1, '0:00:02', 2, 0, 0, 0, 0, '0:00:00', 0, 0, '0:00:00', 0, 0, '0:00:00', 0, '2020-01-12 19:09:52', '2020-01-12 19:09:52'),
(113, 'Reparar Reporting Group', 4, '2019-11-06', 34, 31, 3, 0, '0:00:02', 0, 0, 0, 0, 0, '0:00:00', 0, 0, '0:00:00', 0, 0, '0:00:00', 0, '2020-01-12 19:09:52', '2020-01-12 19:09:52'),
(114, 'Reparar Reporting Group', 4, '2019-11-07', 65, 64, 1, 0, '0:00:02', 0, 0, 0, 0, 0, '0:00:00', 0, 0, '0:00:00', 0, 0, '0:00:00', 0, '2020-01-12 19:09:52', '2020-01-12 19:09:52'),
(115, 'Reparar Reporting Group', 4, '2019-11-08', 48, 48, 0, 0, '0:00:02', 6, 0, 0, 0, 0, '0:00:00', 0, 0, '0:00:00', 0, 0, '0:00:00', 0, '2020-01-12 19:09:53', '2020-01-12 19:09:53'),
(116, 'Reparar Reporting Group', 4, '2019-11-04', 11, 10, 1, 0, '0:00:03', 9, 0, 0, 0, 0, '0:00:00', 0, 0, '0:00:00', 0, 0, '0:00:00', 0, '2020-01-12 19:09:53', '2020-01-12 19:09:53'),
(117, 'Reparar Reporting Group', 4, '2019-11-05', 52, 46, 2, 4, '0:00:04', 4, 0, 0, 0, 0, '0:00:00', 0, 0, '0:00:00', 0, 0, '0:00:00', 0, '2020-01-12 19:09:53', '2020-01-12 19:09:53'),
(118, 'Reparar Reporting Group', 4, '2019-11-06', 61, 59, 1, 0, '0:00:03', 6, 0, 0, 0, 0, '0:00:00', 0, 0, '0:00:00', 0, 0, '0:00:00', 0, '2020-01-12 19:09:53', '2020-01-12 19:09:53'),
(119, 'Reparar Reporting Group', 4, '2019-11-07', 6, 6, 0, 0, '0:00:04', 2, 0, 0, 0, 0, '0:00:00', 0, 0, '0:00:00', 0, 0, '0:00:00', 0, '2020-01-12 19:09:53', '2020-01-12 19:09:53'),
(120, 'Reparar Reporting Group', 4, '2019-11-08', 0, 0, 0, 0, '0:00:00', 2, 0, 0, 0, 0, '0:00:00', 0, 0, '0:00:00', 0, 0, '0:00:00', 0, '2020-01-12 19:09:53', '2020-01-12 19:09:53'),
(121, 'Reparar Reporting Group', 4, '2019-11-06', 0, 0, 0, 0, '0:00:00', 0, 0, 0, 0, 0, '0:00:00', 0, 0, '0:00:00', 0, 0, '0:00:00', 0, '2020-01-12 19:09:54', '2020-01-12 19:09:54'),
(122, 'Reparar Reporting Group', 4, '2019-11-07', 66, 59, 2, 4, '0:00:05', 0, 0, 0, 0, 0, '0:00:00', 0, 0, '0:00:00', 0, 0, '0:00:00', 0, '2020-01-12 19:09:54', '2020-01-12 19:09:54'),
(123, 'Reparar Reporting Group', 4, '2019-11-08', 67, 62, 0, 3, '0:00:06', 1, 0, 0, 0, 0, '0:00:00', 0, 0, '0:00:00', 0, 0, '0:00:00', 0, '2020-01-12 19:09:54', '2020-01-12 19:09:54'),
(124, 'Reparar Reporting Group', 4, '2019-11-04', 49, 44, 2, 1, '0:00:03', 4, 0, 0, 0, 0, '0:00:00', 0, 0, '0:00:00', 0, 0, '0:00:00', 0, '2020-01-12 19:09:54', '2020-01-12 19:09:54'),
(125, 'Reparar Reporting Group', 4, '2019-11-05', 13, 12, 0, 0, '0:00:04', 1, 0, 0, 0, 0, '0:00:00', 0, 0, '0:00:00', 0, 0, '0:00:00', 0, '2020-01-12 19:09:54', '2020-01-12 19:09:54'),
(126, 'Reparar Reporting Group', 4, '2019-11-06', 29, 26, 0, 2, '0:00:04', 8, 0, 0, 0, 0, '0:00:00', 0, 0, '0:00:00', 0, 0, '0:00:00', 0, '2020-01-12 19:09:54', '2020-01-12 19:09:54'),
(127, 'Reparar Reporting Group', 4, '2019-11-07', 11, 10, 0, 1, '0:00:05', 2, 0, 0, 0, 0, '0:00:00', 0, 0, '0:00:00', 0, 0, '0:00:00', 0, '2020-01-12 19:09:54', '2020-01-12 19:09:54'),
(128, 'Reparar Reporting Group', 4, '2019-11-08', 8, 8, 0, 0, '0:00:03', 0, 0, 0, 0, 0, '0:00:00', 0, 0, '0:00:00', 0, 0, '0:00:00', 0, '2020-01-12 19:09:55', '2020-01-12 19:09:55'),
(129, 'Reparar Reporting Group', 4, '2019-11-04', 70, 67, 0, 0, '0:00:05', 0, 0, 0, 0, 0, '0:00:00', 0, 0, '0:00:00', 0, 0, '0:00:00', 0, '2020-01-12 19:09:55', '2020-01-12 19:09:55'),
(130, 'Reparar Reporting Group', 4, '2019-11-05', 34, 33, 1, 0, '0:00:05', 0, 0, 0, 0, 0, '0:00:00', 0, 0, '0:00:00', 0, 0, '0:00:00', 0, '2020-01-12 19:09:55', '2020-01-12 19:09:55'),
(131, 'Reparar Reporting Group', 4, '2019-11-06', 37, 33, 1, 2, '0:00:06', 1, 1, 0, 0, 0, '0:00:00', 0, 0, '0:00:00', 0, 0, '0:00:00', 0, '2020-01-12 19:09:55', '2020-01-12 19:09:55'),
(132, 'Reparar Reporting Group', 4, '2019-11-07', 37, 36, 0, 0, '0:00:06', 4, 1, 0, 0, 0, '0:00:00', 0, 0, '0:00:00', 0, 0, '0:00:00', 0, '2020-01-12 19:09:55', '2020-01-12 19:09:55'),
(133, 'Reparar Reporting Group', 4, '2019-11-08', 26, 21, 0, 3, '0:00:09', 0, 0, 0, 0, 0, '0:00:00', 0, 0, '0:00:00', 0, 0, '0:00:00', 0, '2020-01-12 19:09:55', '2020-01-12 19:09:55'),
(134, 'Reparar Reporting Group', 4, '2019-11-04', 1, 0, 0, 0, '0:00:03', 0, 0, 0, 0, 0, '0:00:00', 0, 0, '0:00:00', 0, 0, '0:00:00', 0, '2020-01-12 19:09:55', '2020-01-12 19:09:55'),
(135, 'Reparar Reporting Group', 4, '2019-11-05', 0, 0, 0, 0, '0:00:00', 0, 0, 0, 0, 0, '0:00:00', 0, 0, '0:00:00', 0, 0, '0:00:00', 0, '2020-01-12 19:09:55', '2020-01-12 19:09:55'),
(136, 'Reparar Reporting Group', 4, '2019-11-06', 0, 0, 0, 0, '0:00:00', 0, 0, 0, 0, 0, '0:00:00', 0, 0, '0:00:00', 0, 0, '0:00:00', 0, '2020-01-12 19:09:56', '2020-01-12 19:09:56'),
(137, 'Reparar Reporting Group', 4, '2019-11-07', 0, 0, 0, 0, '0:00:00', 0, 0, 0, 0, 0, '0:00:00', 0, 0, '0:00:00', 0, 0, '0:00:00', 0, '2020-01-12 19:09:56', '2020-01-12 19:09:56'),
(138, 'Reparar Reporting Group', 4, '2019-11-08', 0, 0, 0, 0, '0:00:00', 0, 0, 0, 0, 0, '0:00:00', 0, 0, '0:00:00', 0, 0, '0:00:00', 0, '2020-01-12 19:09:56', '2020-01-12 19:09:56'),
(139, 'Reparar Reporting Group', 4, '2019-11-04', 104, 102, 0, 0, '0:00:02', 0, 0, 0, 0, 0, '0:00:00', 0, 0, '0:00:00', 0, 0, '0:00:00', 0, '2020-01-12 19:09:56', '2020-01-12 19:09:56'),
(140, 'Reparar Reporting Group', 4, '2019-11-05', 92, 87, 4, 0, '0:00:02', 0, 1, 0, 0, 0, '0:00:00', 0, 0, '0:00:00', 0, 0, '0:00:00', 0, '2020-01-12 19:09:56', '2020-01-12 19:09:56'),
(141, 'Reparar Reporting Group', 4, '2019-11-06', 54, 54, 0, 0, '0:00:02', 1, 0, 0, 0, 0, '0:00:00', 0, 0, '0:00:00', 0, 0, '0:00:00', 0, '2020-01-12 19:09:56', '2020-01-12 19:09:56'),
(142, 'Reparar Reporting Group', 4, '2019-11-07', 0, 0, 0, 0, '0:00:00', 6, 0, 0, 0, 0, '0:00:00', 0, 0, '0:00:00', 0, 0, '0:00:00', 0, '2020-01-12 19:09:56', '2020-01-12 19:09:56'),
(143, 'Reparar Reporting Group', 4, '2019-11-08', 0, 0, 0, 0, '0:00:00', 1, 0, 0, 0, 0, '0:00:00', 0, 0, '0:00:00', 0, 0, '0:00:00', 0, '2020-01-12 19:09:56', '2020-01-12 19:09:56'),
(144, 'Reparar Reporting Group', 4, '2019-11-07', 0, 0, 0, 0, '0:00:00', 0, 0, 0, 0, 0, '0:00:00', 0, 0, '0:00:00', 0, 0, '0:00:00', 0, '2020-01-12 19:09:57', '2020-01-12 19:09:57'),
(145, 'Reparar Reporting Group', 4, '2019-11-08', 1, 1, 0, 0, '0:00:03', 1, 0, 0, 0, 0, '0:00:00', 0, 0, '0:00:00', 0, 0, '0:00:00', 0, '2020-01-12 19:09:57', '2020-01-12 19:09:57'),
(146, 'Reparar Reporting Group', 4, '2019-11-06', 20, 18, 1, 0, '0:00:03', 0, 0, 0, 0, 0, '0:00:00', 0, 0, '0:00:00', 0, 0, '0:00:00', 0, '2020-01-12 19:09:57', '2020-01-12 19:09:57'),
(147, 'Reparar Reporting Group', 4, '2019-11-07', 0, 0, 0, 0, '0:00:00', 0, 0, 0, 0, 0, '0:00:00', 0, 0, '0:00:00', 0, 0, '0:00:00', 0, '2020-01-12 19:09:57', '2020-01-12 19:09:57'),
(148, 'Reparar Reporting Group', 4, '2019-11-08', 0, 0, 0, 0, '0:00:00', 0, 0, 0, 0, 0, '0:00:00', 0, 0, '0:00:00', 0, 0, '0:00:00', 0, '2020-01-12 19:09:57', '2020-01-12 19:09:57'),
(149, 'Reparar Reporting Group', 4, '2019-11-04', 58, 57, 1, 0, '0:00:02', 1, 0, 0, 0, 0, '0:00:00', 0, 0, '0:00:00', 0, 0, '0:00:00', 0, '2020-01-12 23:04:30', '2020-01-12 23:04:30'),
(150, 'Reparar Reporting Group', 4, '2019-11-05', 49, 46, 2, 1, '0:00:02', 2, 0, 0, 0, 0, '0:00:00', 0, 0, '0:00:00', 0, 0, '0:00:00', 0, '2020-01-12 23:04:30', '2020-01-12 23:04:30'),
(151, 'Reparar Reporting Group', 4, '2019-11-06', 34, 31, 3, 0, '0:00:02', 0, 0, 0, 0, 0, '0:00:00', 0, 0, '0:00:00', 0, 0, '0:00:00', 0, '2020-01-12 23:04:30', '2020-01-12 23:04:30'),
(152, 'Reparar Reporting Group', 4, '2019-11-07', 65, 64, 1, 0, '0:00:02', 0, 0, 0, 0, 0, '0:00:00', 0, 0, '0:00:00', 0, 0, '0:00:00', 0, '2020-01-12 23:04:30', '2020-01-12 23:04:30'),
(153, 'Reparar Reporting Group', 4, '2019-11-08', 48, 48, 0, 0, '0:00:02', 6, 0, 0, 0, 0, '0:00:00', 0, 0, '0:00:00', 0, 0, '0:00:00', 0, '2020-01-12 23:04:30', '2020-01-12 23:04:30'),
(154, 'Reparar Reporting Group', 4, '2019-11-04', 11, 10, 1, 0, '0:00:03', 9, 0, 0, 0, 0, '0:00:00', 0, 0, '0:00:00', 0, 0, '0:00:00', 0, '2020-01-12 23:04:30', '2020-01-12 23:04:30'),
(155, 'Reparar Reporting Group', 4, '2019-11-05', 52, 46, 2, 4, '0:00:04', 4, 0, 0, 0, 0, '0:00:00', 0, 0, '0:00:00', 0, 0, '0:00:00', 0, '2020-01-12 23:04:30', '2020-01-12 23:04:30'),
(156, 'Reparar Reporting Group', 4, '2019-11-06', 61, 59, 1, 0, '0:00:03', 6, 0, 0, 0, 0, '0:00:00', 0, 0, '0:00:00', 0, 0, '0:00:00', 0, '2020-01-12 23:04:30', '2020-01-12 23:04:30'),
(157, 'Reparar Reporting Group', 4, '2019-11-07', 6, 6, 0, 0, '0:00:04', 2, 0, 0, 0, 0, '0:00:00', 0, 0, '0:00:00', 0, 0, '0:00:00', 0, '2020-01-12 23:04:31', '2020-01-12 23:04:31'),
(158, 'Reparar Reporting Group', 4, '2019-11-08', 0, 0, 0, 0, '0:00:00', 2, 0, 0, 0, 0, '0:00:00', 0, 0, '0:00:00', 0, 0, '0:00:00', 0, '2020-01-12 23:04:31', '2020-01-12 23:04:31'),
(159, 'Reparar Reporting Group', 4, '2019-11-06', 0, 0, 0, 0, '0:00:00', 0, 0, 0, 0, 0, '0:00:00', 0, 0, '0:00:00', 0, 0, '0:00:00', 0, '2020-01-12 23:04:31', '2020-01-12 23:04:31'),
(160, 'Reparar Reporting Group', 4, '2019-11-07', 66, 59, 2, 4, '0:00:05', 0, 0, 0, 0, 0, '0:00:00', 0, 0, '0:00:00', 0, 0, '0:00:00', 0, '2020-01-12 23:04:31', '2020-01-12 23:04:31'),
(161, 'Reparar Reporting Group', 4, '2019-11-08', 67, 62, 0, 3, '0:00:06', 1, 0, 0, 0, 0, '0:00:00', 0, 0, '0:00:00', 0, 0, '0:00:00', 0, '2020-01-12 23:04:31', '2020-01-12 23:04:31'),
(162, 'Reparar Reporting Group', 4, '2019-11-04', 49, 44, 2, 1, '0:00:03', 4, 0, 0, 0, 0, '0:00:00', 0, 0, '0:00:00', 0, 0, '0:00:00', 0, '2020-01-12 23:04:31', '2020-01-12 23:04:31'),
(163, 'Reparar Reporting Group', 4, '2019-11-05', 13, 12, 0, 0, '0:00:04', 1, 0, 0, 0, 0, '0:00:00', 0, 0, '0:00:00', 0, 0, '0:00:00', 0, '2020-01-12 23:04:32', '2020-01-12 23:04:32'),
(164, 'Reparar Reporting Group', 4, '2019-11-06', 29, 26, 0, 2, '0:00:04', 8, 0, 0, 0, 0, '0:00:00', 0, 0, '0:00:00', 0, 0, '0:00:00', 0, '2020-01-12 23:04:32', '2020-01-12 23:04:32'),
(165, 'Reparar Reporting Group', 4, '2019-11-07', 11, 10, 0, 1, '0:00:05', 2, 0, 0, 0, 0, '0:00:00', 0, 0, '0:00:00', 0, 0, '0:00:00', 0, '2020-01-12 23:04:32', '2020-01-12 23:04:32'),
(166, 'Reparar Reporting Group', 4, '2019-11-08', 8, 8, 0, 0, '0:00:03', 0, 0, 0, 0, 0, '0:00:00', 0, 0, '0:00:00', 0, 0, '0:00:00', 0, '2020-01-12 23:04:32', '2020-01-12 23:04:32'),
(167, 'Reparar Reporting Group', 4, '2019-11-04', 70, 67, 0, 0, '0:00:05', 0, 0, 0, 0, 0, '0:00:00', 0, 0, '0:00:00', 0, 0, '0:00:00', 0, '2020-01-12 23:04:32', '2020-01-12 23:04:32'),
(168, 'Reparar Reporting Group', 4, '2019-11-05', 34, 33, 1, 0, '0:00:05', 0, 0, 0, 0, 0, '0:00:00', 0, 0, '0:00:00', 0, 0, '0:00:00', 0, '2020-01-12 23:04:32', '2020-01-12 23:04:32'),
(169, 'Reparar Reporting Group', 4, '2019-11-06', 37, 33, 1, 2, '0:00:06', 1, 1, 0, 0, 0, '0:00:00', 0, 0, '0:00:00', 0, 0, '0:00:00', 0, '2020-01-12 23:04:32', '2020-01-12 23:04:32'),
(170, 'Reparar Reporting Group', 4, '2019-11-07', 37, 36, 0, 0, '0:00:06', 4, 1, 0, 0, 0, '0:00:00', 0, 0, '0:00:00', 0, 0, '0:00:00', 0, '2020-01-12 23:04:32', '2020-01-12 23:04:32'),
(171, 'Reparar Reporting Group', 4, '2019-11-08', 26, 21, 0, 3, '0:00:09', 0, 0, 0, 0, 0, '0:00:00', 0, 0, '0:00:00', 0, 0, '0:00:00', 0, '2020-01-12 23:04:33', '2020-01-12 23:04:33'),
(172, 'Reparar Reporting Group', 4, '2019-11-04', 1, 0, 0, 0, '0:00:03', 0, 0, 0, 0, 0, '0:00:00', 0, 0, '0:00:00', 0, 0, '0:00:00', 0, '2020-01-12 23:04:33', '2020-01-12 23:04:33'),
(173, 'Reparar Reporting Group', 4, '2019-11-05', 0, 0, 0, 0, '0:00:00', 0, 0, 0, 0, 0, '0:00:00', 0, 0, '0:00:00', 0, 0, '0:00:00', 0, '2020-01-12 23:04:33', '2020-01-12 23:04:33'),
(174, 'Reparar Reporting Group', 4, '2019-11-06', 0, 0, 0, 0, '0:00:00', 0, 0, 0, 0, 0, '0:00:00', 0, 0, '0:00:00', 0, 0, '0:00:00', 0, '2020-01-12 23:04:33', '2020-01-12 23:04:33'),
(175, 'Reparar Reporting Group', 4, '2019-11-07', 0, 0, 0, 0, '0:00:00', 0, 0, 0, 0, 0, '0:00:00', 0, 0, '0:00:00', 0, 0, '0:00:00', 0, '2020-01-12 23:04:33', '2020-01-12 23:04:33'),
(176, 'Reparar Reporting Group', 4, '2019-11-08', 0, 0, 0, 0, '0:00:00', 0, 0, 0, 0, 0, '0:00:00', 0, 0, '0:00:00', 0, 0, '0:00:00', 0, '2020-01-12 23:04:33', '2020-01-12 23:04:33'),
(177, 'Reparar Reporting Group', 4, '2019-11-04', 104, 102, 0, 0, '0:00:02', 0, 0, 0, 0, 0, '0:00:00', 0, 0, '0:00:00', 0, 0, '0:00:00', 0, '2020-01-12 23:04:33', '2020-01-12 23:04:33'),
(178, 'Reparar Reporting Group', 4, '2019-11-05', 92, 87, 4, 0, '0:00:02', 0, 1, 0, 0, 0, '0:00:00', 0, 0, '0:00:00', 0, 0, '0:00:00', 0, '2020-01-12 23:04:33', '2020-01-12 23:04:33'),
(179, 'Reparar Reporting Group', 4, '2019-11-06', 54, 54, 0, 0, '0:00:02', 1, 0, 0, 0, 0, '0:00:00', 0, 0, '0:00:00', 0, 0, '0:00:00', 0, '2020-01-12 23:04:34', '2020-01-12 23:04:34'),
(180, 'Reparar Reporting Group', 4, '2019-11-07', 0, 0, 0, 0, '0:00:00', 6, 0, 0, 0, 0, '0:00:00', 0, 0, '0:00:00', 0, 0, '0:00:00', 0, '2020-01-12 23:04:34', '2020-01-12 23:04:34'),
(181, 'Reparar Reporting Group', 4, '2019-11-08', 0, 0, 0, 0, '0:00:00', 1, 0, 0, 0, 0, '0:00:00', 0, 0, '0:00:00', 0, 0, '0:00:00', 0, '2020-01-12 23:04:34', '2020-01-12 23:04:34'),
(182, 'Reparar Reporting Group', 4, '2019-11-07', 0, 0, 0, 0, '0:00:00', 0, 0, 0, 0, 0, '0:00:00', 0, 0, '0:00:00', 0, 0, '0:00:00', 0, '2020-01-12 23:04:34', '2020-01-12 23:04:34'),
(183, 'Reparar Reporting Group', 4, '2019-11-08', 1, 1, 0, 0, '0:00:03', 1, 0, 0, 0, 0, '0:00:00', 0, 0, '0:00:00', 0, 0, '0:00:00', 0, '2020-01-12 23:04:34', '2020-01-12 23:04:34'),
(184, 'Reparar Reporting Group', 4, '2019-11-06', 20, 18, 1, 0, '0:00:03', 0, 0, 0, 0, 0, '0:00:00', 0, 0, '0:00:00', 0, 0, '0:00:00', 0, '2020-01-12 23:04:34', '2020-01-12 23:04:34'),
(185, 'Reparar Reporting Group', 4, '2019-11-07', 0, 0, 0, 0, '0:00:00', 0, 0, 0, 0, 0, '0:00:00', 0, 0, '0:00:00', 0, 0, '0:00:00', 0, '2020-01-12 23:04:34', '2020-01-12 23:04:34'),
(186, 'Reparar Reporting Group', 4, '2019-11-08', 0, 0, 0, 0, '0:00:00', 0, 0, 0, 0, 0, '0:00:00', 0, 0, '0:00:00', 0, 0, '0:00:00', 0, '2020-01-12 23:04:34', '2020-01-12 23:04:34');

-- --------------------------------------------------------

--
-- Estructura de tabla para la tabla `clients`
--

CREATE TABLE `clients` (
  `id` bigint(20) UNSIGNED NOT NULL,
  `code` varchar(191) COLLATE utf8mb4_unicode_ci NOT NULL,
  `rif` varchar(191) COLLATE utf8mb4_unicode_ci NOT NULL,
  `legal_name` varchar(191) COLLATE utf8mb4_unicode_ci NOT NULL,
  `email` varchar(191) COLLATE utf8mb4_unicode_ci NOT NULL,
  `phone_number` varchar(191) COLLATE utf8mb4_unicode_ci DEFAULT NULL,
  `created_at` timestamp NULL DEFAULT NULL,
  `updated_at` timestamp NULL DEFAULT NULL
) ENGINE=InnoDB DEFAULT CHARSET=utf8mb4 COLLATE=utf8mb4_unicode_ci;

-- --------------------------------------------------------

--
-- Estructura de tabla para la tabla `documents`
--

CREATE TABLE `documents` (
  `id` bigint(20) UNSIGNED NOT NULL,
  `document_name` varchar(191) COLLATE utf8mb4_unicode_ci NOT NULL,
  `imported` int(11) NOT NULL,
  `created_at` timestamp NULL DEFAULT NULL,
  `updated_at` timestamp NULL DEFAULT NULL
) ENGINE=InnoDB DEFAULT CHARSET=utf8mb4 COLLATE=utf8mb4_unicode_ci;

--
-- Volcado de datos para la tabla `documents`
--

INSERT INTO `documents` (`id`, `document_name`, `imported`, `created_at`, `updated_at`) VALUES
(1, 'name', 1, NULL, NULL),
(2, 'Copia de Agent - Contact Handling Volume 4 - Daily del 04 al 08.11 (alberto).xlsx', 38, '2020-01-12 19:09:57', '2020-01-12 19:09:57'),
(3, 'Reporte Alberto.xlsx', 6, '2020-01-12 22:55:29', '2020-01-12 22:55:29'),
(4, 'Copia de Agent - Contact Handling Volume 4 - Daily del 04 al 08.11 (alberto.xlsx', 38, '2020-01-12 23:04:34', '2020-01-12 23:04:34');

-- --------------------------------------------------------

--
-- Estructura de tabla para la tabla `instalation`
--

CREATE TABLE `instalation` (
  `id` bigint(20) UNSIGNED NOT NULL,
  `date_from` date NOT NULL,
  `date_to` date NOT NULL,
  `vc_1p` int(11) DEFAULT NULL,
  `vc_2p` int(11) DEFAULT NULL,
  `enfriador_1t` int(11) DEFAULT NULL,
  `enfriador_2t` int(11) DEFAULT NULL,
  `enfriador_3t` int(11) DEFAULT NULL,
  `passthrough` int(11) DEFAULT NULL,
  `zone_id` int(10) UNSIGNED NOT NULL,
  `created_at` timestamp NULL DEFAULT NULL,
  `updated_at` timestamp NULL DEFAULT NULL
) ENGINE=InnoDB DEFAULT CHARSET=utf8mb4 COLLATE=utf8mb4_unicode_ci;

-- --------------------------------------------------------

--
-- Estructura de tabla para la tabla `kit_details_reports`
--

CREATE TABLE `kit_details_reports` (
  `id` bigint(20) UNSIGNED NOT NULL,
  `stock_type` varchar(191) COLLATE utf8mb4_unicode_ci NOT NULL,
  `special_stock` varchar(191) COLLATE utf8mb4_unicode_ci NOT NULL,
  `society` varchar(191) COLLATE utf8mb4_unicode_ci NOT NULL,
  `kit` varchar(191) COLLATE utf8mb4_unicode_ci NOT NULL,
  `denomination` varchar(191) COLLATE utf8mb4_unicode_ci DEFAULT NULL,
  `fixed_asset` varchar(191) COLLATE utf8mb4_unicode_ci DEFAULT NULL,
  `inventary_number` varchar(191) COLLATE utf8mb4_unicode_ci DEFAULT NULL,
  `fabrication_serial_number` varchar(191) COLLATE utf8mb4_unicode_ci DEFAULT NULL,
  `site` varchar(191) COLLATE utf8mb4_unicode_ci DEFAULT NULL,
  `serial_number` varchar(191) COLLATE utf8mb4_unicode_ci DEFAULT NULL,
  `material` varchar(191) COLLATE utf8mb4_unicode_ci DEFAULT NULL,
  `cost_center` varchar(191) COLLATE utf8mb4_unicode_ci DEFAULT NULL,
  `client_was_id` varchar(191) COLLATE utf8mb4_unicode_ci DEFAULT NULL,
  `warehouse` varchar(191) COLLATE utf8mb4_unicode_ci DEFAULT NULL,
  `center` varchar(191) COLLATE utf8mb4_unicode_ci DEFAULT NULL,
  `company_area` varchar(191) COLLATE utf8mb4_unicode_ci DEFAULT NULL,
  `lot` varchar(191) COLLATE utf8mb4_unicode_ci DEFAULT NULL,
  `system_status` varchar(191) COLLATE utf8mb4_unicode_ci DEFAULT NULL,
  `user_status` varchar(191) COLLATE utf8mb4_unicode_ci DEFAULT NULL,
  `cam_clasif` varchar(191) COLLATE utf8mb4_unicode_ci DEFAULT NULL,
  `lock_date` date DEFAULT NULL,
  `confirmation_date` date DEFAULT NULL,
  `validation` varchar(191) COLLATE utf8mb4_unicode_ci DEFAULT NULL,
  `month` varchar(191) COLLATE utf8mb4_unicode_ci DEFAULT NULL,
  `vp` varchar(191) COLLATE utf8mb4_unicode_ci DEFAULT NULL,
  `revision` varchar(191) COLLATE utf8mb4_unicode_ci DEFAULT NULL,
  `created_at` timestamp NULL DEFAULT NULL,
  `updated_at` timestamp NULL DEFAULT NULL
) ENGINE=InnoDB DEFAULT CHARSET=utf8mb4 COLLATE=utf8mb4_unicode_ci;

--
-- Volcado de datos para la tabla `kit_details_reports`
--

INSERT INTO `kit_details_reports` (`id`, `stock_type`, `special_stock`, `society`, `kit`, `denomination`, `fixed_asset`, `inventary_number`, `fabrication_serial_number`, `site`, `serial_number`, `material`, `cost_center`, `client_was_id`, `warehouse`, `center`, `company_area`, `lot`, `system_status`, `user_status`, `cam_clasif`, `lock_date`, `confirmation_date`, `validation`, `month`, `vp`, `revision`, `created_at`, `updated_at`) VALUES
(1, '1', 'W', 'C001\r\n', '287343\r\n', 'EQP ENFRIADOR ARTICOLD EB2PP COLD SERVIC\r\n', '63821\r\n', 'C63821\r\n', 'S/S\r\n', 'ORIENTENOR', 'C63821\r\n', '12036329\r\n', 'A346-2000\r\n', '307661\r\n', 'Almacen', 'A054\r\n', 'Oriente Norte\r\n', '1', 'ENCl MONT\r\n', 'PERD AUDI\r\n', '2102709336\r\n', '2019-07-17', '2019-07-17', '2019-07-17', 'Julio', '3> Meses', '#N/A', '2019-07-17 04:00:00', '2019-07-17 04:00:00'),
(2, '1', 'W', 'C001\r\n', '1216648', 'ENFRIADOR HORIZONTAL 2 TAPAS B-50-TE\r\n', '160838\r\n', 'C160838\r\n', 'S/S\r\n', 'ORIENTENOR', 'C63821\r\n', '12036329\r\n', 'A346-2000\r\n', '307661\r\n', 'Almacen', 'A054\r\n', 'Oriente Norte\r\n', '1', 'ENCl MONT\r\n', 'PERD AUDI\r\n', '2102709336\r\n', '2019-07-17', '2019-07-17', '2019-07-17', 'Julio', '3> Meses', '#N/A', '2019-07-17 04:00:00', '2019-07-17 04:00:00'),
(3, '1', 'W', 'C001\r\n', '1216648', 'ENFRIADOR HORIZONTAL 2 TAPAS B-50-TE\r\n', '160838\r\n', 'C160838\r\n', 'S/S\r\n', 'ORIENTENOR', 'C63821\r\n', '12036329\r\n', 'A346-2000\r\n', '307661\r\n', 'Almacen', 'A054\r\n', 'Oriente Norte\r\n', '1', 'ENCl MONT\r\n', 'PERD AUDI\r\n', '2102709336\r\n', '2019-07-17', '2019-07-17', '2019-07-17', 'Julio', '3> Meses', '#N/A', '2019-07-17 04:00:00', '2019-07-17 04:00:00'),
(4, '1', 'W', 'C001\r\n', '1216648', 'ENFRIADOR HORIZONTAL 2 TAPAS B-50-TE\r\n', '160838\r\n', 'C160838\r\n', 'S/S\r\n', 'ORIENTENOR', 'C63821\r\n', '12036329\r\n', 'A346-2000\r\n', '307661\r\n', 'Almacen', 'A054\r\n', 'Oriente Norte\r\n', '1', 'ENCl MONT\r\n', 'PERD AUDI\r\n', '2102709336\r\n', '2019-07-17', '2019-07-17', '2019-07-17', 'Julio', '3> Meses', '#N/A', '2019-07-17 04:00:00', '2019-07-17 04:00:00'),
(5, '1', 'W', 'C001\r\n', '1216648', 'ENFRIADOR HORIZONTAL 2 TAPAS B-50-TE\r\n', '160838\r\n', 'C160838\r\n', 'S/S\r\n', 'ORIENTENOR', 'C63821\r\n', '12036329\r\n', 'A346-2000\r\n', '307661\r\n', 'Almacen', 'A054\r\n', 'Oriente Norte\r\n', '1', 'ENCl MONT\r\n', 'PERD AUDI\r\n', '2102709336\r\n', '2019-07-17', '2019-07-17', '2019-07-17', 'Julio', '3> Meses', '#N/A', '2019-07-17 04:00:00', '2019-07-17 04:00:00'),
(6, '1', 'W', 'C001\r\n', '1216648', 'ENFRIADOR HORIZONTAL 2 TAPAS B-50-TE\r\n', '160838\r\n', 'C160838\r\n', 'S/S\r\n', 'ORIENTENOR', 'C63821\r\n', '12036329\r\n', 'A346-2000\r\n', '307661\r\n', 'Almacen', 'A054\r\n', 'Oriente Norte\r\n', '1', 'ENCl MONT\r\n', 'PERD AUDI\r\n', '2102709336\r\n', '2019-07-17', '2019-07-17', '2019-07-17', 'Julio', '3> Meses', '#N/A', '2019-07-17 04:00:00', '2019-07-17 04:00:00'),
(7, '1', 'W', 'C001\r\n', '1216648', 'ENFRIADOR HORIZONTAL 2 TAPAS B-50-TE\r\n', '160838\r\n', 'C160838\r\n', 'S/S\r\n', 'ORIENTENOR', 'C63821\r\n', '12036329\r\n', 'A346-2000\r\n', '307661\r\n', 'Almacen', 'A054\r\n', 'Oriente Norte\r\n', '1', 'ENCl MONT\r\n', 'PERD AUDI\r\n', '2102709336\r\n', '2019-07-17', '2019-07-17', '2019-07-17', 'Julio', '3> Meses', '#N/A', '2019-07-17 04:00:00', '2019-07-17 04:00:00'),
(8, '1', 'W', 'C001\r\n', '1216648', 'ENFRIADOR HORIZONTAL 2 TAPAS B-50-TE\r\n', '160838\r\n', 'C160838\r\n', 'S/S\r\n', 'ORIENTENOR', 'C63821\r\n', '12036329\r\n', 'A346-2000\r\n', '307661\r\n', 'Almacen', 'A054\r\n', 'Oriente Norte\r\n', '1', 'ENCl MONT\r\n', 'PERD AUDI\r\n', '2102709336\r\n', '2019-07-17', '2019-07-17', '2019-07-17', 'Julio', '3> Meses', '#N/A', '2019-07-17 04:00:00', '2019-07-17 04:00:00'),
(9, '1', 'W', 'C001\r\n', '1216648', 'ENFRIADOR HORIZONTAL 2 TAPAS B-50-TE\r\n', '160838\r\n', 'C160838\r\n', 'S/S\r\n', 'CENTROLLAN\r\n', 'C63821\r\n', '12036329\r\n', 'A346-2000\r\n', '307661\r\n', 'Almacen', 'A054\r\n', 'Centro Llanos\r\n', '1', 'ENCl MONT\r\n', 'PERD AUDI\r\n', '2102709336\r\n', '2019-07-17', '2019-07-17', '2019-07-17', 'Julio', '3> Meses', '#N/A', '2019-07-17 04:00:00', '2019-07-17 04:00:00'),
(10, '1', 'W', 'C001\r\n', '1216648', 'ENFRIADOR HORIZONTAL 2 TAPAS B-50-TE\r\n', '160838\r\n', 'C160838\r\n', 'S/S\r\n', 'CENTROLLAN\r\n', 'C63821\r\n', '12036329\r\n', 'A346-2000\r\n', '307661\r\n', 'Almacen', 'A054\r\n', 'Centro Llanos\r\n', '1', 'ENCl MONT\r\n', 'PERD AUDI\r\n', '2102709336\r\n', '2019-07-17', '2019-07-17', '2019-07-17', 'Julio', '3> Meses', '#N/A', '2019-07-17 04:00:00', '2019-07-17 04:00:00'),
(11, '1', 'W', 'C001\r\n', '1216648', 'ENFRIADOR HORIZONTAL 2 TAPAS B-50-TE\r\n', '160838\r\n', 'C160838\r\n', 'S/S\r\n', 'CENTROLLAN\r\n', 'C63821\r\n', '12036329\r\n', 'A346-2000\r\n', '307661\r\n', 'Almacen', 'A054\r\n', 'Centro Llanos\r\n', '1', 'ENCl MONT\r\n', 'PERD AUDI\r\n', '2102709336\r\n', '2019-07-17', '2019-07-17', '2019-07-17', 'Julio', '3> Meses', '#N/A', '2019-07-17 04:00:00', '2019-07-17 04:00:00'),
(12, '1', 'W', 'C001\r\n', '1216648', 'ENFRIADOR HORIZONTAL 2 TAPAS B-50-TE\r\n', '160838\r\n', 'C160838\r\n', 'S/S\r\n', 'CENTROLLAN\r\n', 'C63821\r\n', '12036329\r\n', 'A346-2000\r\n', '307661\r\n', 'Almacen', 'A054\r\n', 'Centro Llanos\r\n', '1', 'ENCl MONT\r\n', 'PERD AUDI\r\n', '2102709336\r\n', '2019-07-17', '2019-07-17', '2019-07-17', 'Julio', '3> Meses', '#N/A', '2019-07-17 04:00:00', '2019-07-17 04:00:00'),
(13, '1', 'W', 'C001\r\n', '1216648', 'ENFRIADOR HORIZONTAL 2 TAPAS B-50-TE\r\n', '160838\r\n', 'C160838\r\n', 'S/S\r\n', 'CENTROLLAN\r\n', 'C63821\r\n', '12036329\r\n', 'A346-2000\r\n', '307661\r\n', 'Almacen', 'A054\r\n', 'Centro Llanos\r\n', '1', 'ENCl MONT\r\n', 'PERD AUDI\r\n', '2102709336\r\n', '2019-07-17', '2019-07-17', '2019-07-17', 'Julio', '3> Meses', '#N/A', '2019-07-17 04:00:00', '2019-07-17 04:00:00'),
(14, '1', 'W', 'C001\r\n', '1216648', 'ENFRIADOR HORIZONTAL 2 TAPAS B-50-TE\r\n', '160838\r\n', 'C160838\r\n', 'S/S\r\n', 'ORIENTENOR', 'C63821\r\n', '12036329\r\n', 'A346-2000\r\n', '307661\r\n', 'Almacen', 'A054\r\n', 'Oriente Norte\r\n', '1', 'ENCl MONT\r\n', 'PERD AUDI\r\n', '2102709336\r\n', '2019-07-17', '2019-07-17', '2019-07-17', 'Julio', '3> Meses', '#N/A', '2019-07-17 04:00:00', '2019-07-17 04:00:00'),
(15, '1', 'W', 'C001\r\n', '1216648', 'ENFRIADOR HORIZONTAL 2 TAPAS B-50-TE\r\n', '160838\r\n', 'C160838\r\n', 'S/S\r\n', 'ORIENTENOR', 'C63821\r\n', '12036329\r\n', 'A346-2000\r\n', '307661\r\n', 'Almacen', 'A054\r\n', 'Oriente Norte\r\n', '1', 'ENCl MONT\r\n', 'PERD AUDI\r\n', '2102709336\r\n', '2019-07-17', '2019-07-17', '2019-07-17', 'Julio', '3> Meses', '#N/A', '2019-07-17 04:00:00', '2019-07-17 04:00:00'),
(16, '1', 'W', 'C001\r\n', '1216648', 'ENFRIADOR HORIZONTAL 2 TAPAS B-50-TE\r\n', '160838\r\n', 'C160838\r\n', 'S/S\r\n', 'CENTROCC', 'C63821\r\n', '12036329\r\n', 'A346-2000\r\n', '307661\r\n', 'Almacen', 'A054\r\n', 'Centro Occidente', '1', 'ENCl MONT\r\n', 'PERD AUDI\r\n', '2102709336\r\n', '2019-07-17', '2019-07-17', '2019-07-17', 'Julio', '3> Meses', '#N/A', '2019-07-17 04:00:00', '2019-07-17 04:00:00'),
(17, '1', 'W', 'C001\r\n', '1216648', 'ENFRIADOR HORIZONTAL 2 TAPAS B-50-TE\r\n', '160838\r\n', 'C160838\r\n', 'S/S\r\n', 'CENTROCC', 'C63821\r\n', '12036329\r\n', 'A346-2000\r\n', '307661\r\n', 'Almacen', 'A054\r\n', 'Centro Occidente', '1', 'ENCl MONT\r\n', 'PERD AUDI\r\n', '2102709336\r\n', '2019-07-17', '2019-07-17', '2019-07-17', 'Julio', '3> Meses', '#N/A', '2019-07-17 04:00:00', '2019-07-17 04:00:00'),
(18, '1', 'W', 'C001\r\n', '1216648', 'ENFRIADOR HORIZONTAL 2 TAPAS B-50-TE\r\n', '160838\r\n', 'C160838\r\n', 'S/S\r\n', 'CENTROCC', 'C63821\r\n', '12036329\r\n', 'A346-2000\r\n', '307661\r\n', 'Almacen', 'A054\r\n', 'Centro Occidente', '1', 'ENCl MONT\r\n', 'PERD AUDI\r\n', '2102709336\r\n', '2019-07-17', '2019-07-17', '2019-07-17', 'Julio', '3> Meses', '#N/A', '2019-07-17 04:00:00', '2019-07-17 04:00:00'),
(19, '1', 'W', 'C001\r\n', '1216648', 'ENFRIADOR HORIZONTAL 2 TAPAS B-50-TE\r\n', '160838\r\n', 'C160838\r\n', 'S/S\r\n', 'CENTROCC', 'C63821\r\n', '12036329\r\n', 'A346-2000\r\n', '307661\r\n', 'Almacen', 'A054\r\n', 'Centro Occidente', '1', 'ENCl MONT\r\n', 'PERD AUDI\r\n', '2102709336\r\n', '2019-07-17', '2019-07-17', '2019-07-17', 'Julio', '3> Meses', '#N/A', '2019-07-17 04:00:00', '2019-07-17 04:00:00'),
(20, '1', 'W', 'C001\r\n', '1216648', 'ENFRIADOR HORIZONTAL 2 TAPAS B-50-TE\r\n', '160838\r\n', 'C160838\r\n', 'S/S\r\n', 'CENTROCC', 'C63821\r\n', '12036329\r\n', 'A346-2000\r\n', '307661\r\n', 'Almacen', 'A054\r\n', 'Centro Occidente', '1', 'ENCl MONT\r\n', 'PERD AUDI\r\n', '2102709336\r\n', '2019-07-17', '2019-07-17', '2019-07-17', 'Julio', '3> Meses', '#N/A', '2019-07-17 04:00:00', '2019-07-17 04:00:00'),
(21, '1', 'W', 'C001\r\n', '1216648', 'ENFRIADOR HORIZONTAL 2 TAPAS B-50-TE\r\n', '160838\r\n', 'C160838\r\n', 'S/S\r\n', 'OCCIDENTE', 'C63821\r\n', '12036329\r\n', 'A346-2000\r\n', '307661\r\n', 'Almacen', 'A054\r\n', 'Occidente', '1', 'ENCl MONT\r\n', 'PERD AUDI\r\n', '2102709336\r\n', '2019-07-17', '2019-07-17', '2019-07-17', 'Julio', '3> Meses', '#N/A', '2019-07-17 04:00:00', '2019-07-17 04:00:00'),
(22, '1', 'W', 'C001\r\n', '1216648', 'ENFRIADOR HORIZONTAL 2 TAPAS B-50-TE\r\n', '160838\r\n', 'C160838\r\n', 'S/S\r\n', 'OCCIDENTE', 'C63821\r\n', '12036329\r\n', 'A346-2000\r\n', '307661\r\n', 'Almacen', 'A054\r\n', 'Occidente', '1', 'ENCl MONT\r\n', 'PERD AUDI\r\n', '2102709336\r\n', '2019-07-17', '2019-07-17', '2019-07-17', 'Julio', '3> Meses', '#N/A', '2019-07-17 04:00:00', '2019-07-17 04:00:00'),
(23, '1', 'W', 'C001\r\n', '1216648', 'ENFRIADOR HORIZONTAL 2 TAPAS B-50-TE\r\n', '160838\r\n', 'C160838\r\n', 'S/S\r\n', 'OCCIDENTE', 'C63821\r\n', '12036329\r\n', 'A346-2000\r\n', '307661\r\n', 'Almacen', 'A054\r\n', 'Occidente', '1', 'ENCl MONT\r\n', 'PERD AUDI\r\n', '2102709336\r\n', '2019-07-17', '2019-07-17', '2019-07-17', 'Julio', '3> Meses', '#N/A', '2019-07-17 04:00:00', '2019-07-17 04:00:00'),
(24, '1', 'W', 'C001\r\n', '1216648', 'ENFRIADOR HORIZONTAL 2 TAPAS B-50-TE\r\n', '160838\r\n', 'C160838\r\n', 'S/S\r\n', 'OCCIDENTE', 'C63821\r\n', '12036329\r\n', 'A346-2000\r\n', '307661\r\n', 'Almacen', 'A054\r\n', 'Occidente', '1', 'ENCl MONT\r\n', 'PERD AUDI\r\n', '2102709336\r\n', '2019-07-17', '2019-07-17', '2019-07-17', 'Julio', '3> Meses', '#N/A', '2019-07-17 04:00:00', '2019-07-17 04:00:00'),
(25, '1', 'W', 'C001\r\n', '1216648', 'ENFRIADOR HORIZONTAL 2 TAPAS B-50-TE\r\n', '160838\r\n', 'C160838\r\n', 'S/S\r\n', 'OCCIDENTE', 'C63821\r\n', '12036329\r\n', 'A346-2000\r\n', '307661\r\n', 'Almacen', 'A054\r\n', 'Occidente', '1', 'ENCl MONT\r\n', 'PERD AUDI\r\n', '2102709336\r\n', '2019-07-17', '2019-07-17', '2019-07-17', 'Julio', '3> Meses', '#N/A', '2019-07-17 04:00:00', '2019-07-17 04:00:00'),
(26, '1', 'W', 'C001\r\n', '1216648', 'ENFRIADOR HORIZONTAL 2 TAPAS B-50-TE\r\n', '160838\r\n', 'C160838\r\n', 'S/S\r\n', 'METRO', 'C63821\r\n', '12036329\r\n', 'A346-2000\r\n', '307661\r\n', 'Almacen', 'A054\r\n', 'Metropolitano\r\n', '1', 'ENCl MONT\r\n', 'PERD AUDI\r\n', '2102709336\r\n', '2019-07-17', '2019-07-17', '2019-07-17', 'Julio', '3> Meses', '#N/A', '2019-07-17 04:00:00', '2019-07-17 04:00:00'),
(27, '1', 'W', 'C001\r\n', '1216648', 'ENFRIADOR HORIZONTAL 2 TAPAS B-50-TE\r\n', '160838\r\n', 'C160838\r\n', 'S/S\r\n', 'METRO', 'C63821\r\n', '12036329\r\n', 'A346-2000\r\n', '307661\r\n', 'Almacen', 'A054\r\n', 'Metropolitano\r\n', '1', 'ENCl MONT\r\n', 'PERD AUDI\r\n', '2102709336\r\n', '2019-07-17', '2019-07-17', '2019-07-17', 'Julio', '3> Meses', '#N/A', '2019-07-17 04:00:00', '2019-07-17 04:00:00'),
(28, '1', 'W', 'C001\r\n', '1216648', 'ENFRIADOR HORIZONTAL 2 TAPAS B-50-TE\r\n', '160838\r\n', 'C160838\r\n', 'S/S\r\n', 'METRO', 'C63821\r\n', '12036329\r\n', 'A346-2000\r\n', '307661\r\n', 'Almacen', 'A054\r\n', 'Metropolitano\r\n', '1', 'ENCl MONT\r\n', 'PERD AUDI\r\n', '2102709336\r\n', '2019-07-17', '2019-07-17', '2019-07-17', 'Julio', '3> Meses', '#N/A', '2019-07-17 04:00:00', '2019-07-17 04:00:00'),
(29, '1', 'W', 'C001\r\n', '1216648', 'ENFRIADOR HORIZONTAL 2 TAPAS B-50-TE\r\n', '160838\r\n', 'C160838\r\n', 'S/S\r\n', 'METRO', 'C63821\r\n', '12036329\r\n', 'A346-2000\r\n', '307661\r\n', 'Almacen', 'A054\r\n', 'Metropolitano\r\n', '1', 'ENCl MONT\r\n', 'PERD AUDI\r\n', '2102709336\r\n', '2019-07-17', '2019-07-17', '2019-07-17', 'Julio', '3> Meses', '#N/A', '2019-07-17 04:00:00', '2019-07-17 04:00:00'),
(30, '1', 'W', 'C001\r\n', '1216648', 'ENFRIADOR HORIZONTAL 2 TAPAS B-50-TE\r\n', '160838\r\n', 'C160838\r\n', 'S/S\r\n', 'METRO', 'C63821\r\n', '12036329\r\n', 'A346-2000\r\n', '307661\r\n', 'Almacen', 'A054\r\n', 'Metropolitano\r\n', '1', 'ENCl MONT\r\n', 'PERD AUDI\r\n', '2102709336\r\n', '2019-07-17', '2019-07-17', '2019-07-17', 'Julio', '3> Meses', '#N/A', '2019-07-17 04:00:00', '2019-07-17 04:00:00');

-- --------------------------------------------------------

--
-- Estructura de tabla para la tabla `kit_reports`
--

CREATE TABLE `kit_reports` (
  `id` bigint(20) UNSIGNED NOT NULL,
  `client_id` varchar(191) COLLATE utf8mb4_unicode_ci DEFAULT NULL,
  `pto_tbjo_resp` varchar(191) COLLATE utf8mb4_unicode_ci DEFAULT NULL,
  `charge_key` varchar(191) COLLATE utf8mb4_unicode_ci DEFAULT NULL,
  `user_status` varchar(191) COLLATE utf8mb4_unicode_ci DEFAULT NULL,
  `report_type_id` int(10) UNSIGNED DEFAULT NULL,
  `order_number` varchar(191) COLLATE utf8mb4_unicode_ci DEFAULT NULL,
  `user_id` int(10) UNSIGNED DEFAULT NULL,
  `kit_number` varchar(191) COLLATE utf8mb4_unicode_ci DEFAULT NULL,
  `asset_fix` varchar(191) COLLATE utf8mb4_unicode_ci DEFAULT NULL,
  `denomination` varchar(191) COLLATE utf8mb4_unicode_ci DEFAULT NULL,
  `site_center` varchar(191) COLLATE utf8mb4_unicode_ci DEFAULT NULL,
  `planning_center` varchar(191) COLLATE utf8mb4_unicode_ci DEFAULT NULL,
  `zone` varchar(191) COLLATE utf8mb4_unicode_ci DEFAULT NULL,
  `init_date` varchar(191) COLLATE utf8mb4_unicode_ci DEFAULT NULL,
  `modification_date` varchar(191) COLLATE utf8mb4_unicode_ci DEFAULT NULL,
  `extreme_end_date` varchar(191) COLLATE utf8mb4_unicode_ci DEFAULT NULL,
  `entry_date` varchar(191) COLLATE utf8mb4_unicode_ci DEFAULT NULL,
  `ctro_pto_trab` varchar(191) COLLATE utf8mb4_unicode_ci DEFAULT NULL,
  `society` varchar(191) COLLATE utf8mb4_unicode_ci DEFAULT NULL,
  `updated_id` int(10) UNSIGNED DEFAULT NULL,
  `center` varchar(191) COLLATE utf8mb4_unicode_ci DEFAULT NULL,
  `planning_group` varchar(191) COLLATE utf8mb4_unicode_ci DEFAULT NULL,
  `total_generated` varchar(191) COLLATE utf8mb4_unicode_ci DEFAULT NULL,
  `short_text` varchar(191) COLLATE utf8mb4_unicode_ci DEFAULT NULL,
  `pm_activity` varchar(191) COLLATE utf8mb4_unicode_ci DEFAULT NULL,
  `created_at` timestamp NULL DEFAULT NULL,
  `updated_at` timestamp NULL DEFAULT NULL
) ENGINE=InnoDB DEFAULT CHARSET=utf8mb4 COLLATE=utf8mb4_unicode_ci;

--
-- Volcado de datos para la tabla `kit_reports`
--

INSERT INTO `kit_reports` (`id`, `client_id`, `pto_tbjo_resp`, `charge_key`, `user_status`, `report_type_id`, `order_number`, `user_id`, `kit_number`, `asset_fix`, `denomination`, `site_center`, `planning_center`, `zone`, `init_date`, `modification_date`, `extreme_end_date`, `entry_date`, `ctro_pto_trab`, `society`, `updated_id`, `center`, `planning_group`, `total_generated`, `short_text`, `pm_activity`, `created_at`, `updated_at`) VALUES
(2, '22540260', 'SMTP09', 'SAP2', 'C000', 1, '89377473', 2, '177498', '284485', 'EQP FAB. DE HIELO HOSHIZAKI KM900MAE', 'CERR NOTI KKMP NLIQ PREC\r\n', 'AC05', 'OCCIDENTE', '2019-09-02', '2019-09-02', '2019-09-02', '2019-09-02', 'AC05', 'R100', 2, 'AC05', 'A11', '0', '2019-09-02', '069', '2020-01-12 20:02:40', '2020-01-12 20:02:40'),
(3, '22540260', 'SMTP09', 'SAP2', 'C000', 1, '89377473', 4, NULL, NULL, NULL, 'A072', 'A072', 'ANDES', '43710', '43710', '43711', '43710', 'A072', 'C001', NULL, 'A072', 'A09', '0', 'CEP: 22540260 INST: UND ENF', '042', '2020-01-12 22:55:14', '2020-01-12 22:55:14'),
(4, '22540260', 'SMTP09', 'SAP2', 'C000', 3, '1954649529', 4, NULL, NULL, NULL, 'A072', 'A072', 'ANDES', '43710', '43710', '43711', '43710', 'A072', 'C001', NULL, 'A072', 'A09', '0', 'CEP: 22540260 RET: UND ENF', '060', '2020-01-12 22:55:28', '2020-01-12 22:55:28'),
(5, '80000', 'SMTT06', 'SAP2', 'C000', 4, '1954649952', 2, '1292036', '433425', 'EQP VC 2P CRIOTEC CFX-37', 'V025', 'AC03', 'CENTRO', '43711', '43710', '43713', '43710', 'AC03', 'R100', NULL, 'AC03', 'A06', '0', 'ANULADA', '999', '2020-01-12 22:55:28', '2020-01-12 22:55:28'),
(6, '530447', 'SMTT16', 'SAP2', 'C012', 1, '89377500', 4, NULL, NULL, NULL, 'V055', 'AC06', 'ORIENTESUR', '43711', '43711', '43712', '43710', 'AC06', 'R100', NULL, 'AC06', 'A16', '0', 'AAA CEP:530447 INST: VC 1P/NO EJECUTADO', '069', '2020-01-12 22:55:28', '2020-01-12 22:55:28'),
(7, '792293', 'SMTP01', 'SAP2', 'C010', 4, '1954649238', 2, '1330006', '447348', 'PMX MOSTRADOR CORNELIUS QUEST ELITE 2000', 'AC01', 'AC01', 'METRO', '43710', '43711', '43710', '43710', 'AC01', 'R100', NULL, 'AC01', 'A01', '0', 'CEP: 792293 EQP: QUEST', '999', '2020-01-12 22:55:29', '2020-01-12 22:55:29'),
(8, '792293', 'SMTP01', 'SAP2', 'C010', 4, '1954649239', 2, '1330282', '447494', 'PMX MOSTRADOR CORNELIUS QUEST ELITE 2000', 'AC01', 'AC01', 'METRO', '43710', '43711', '43710', '43710', 'AC01', 'R100', NULL, 'AC01', 'A01', '0', 'CEP: 792293 EQP: QUEST', '047', '2020-01-12 22:55:29', '2020-01-12 22:55:29');

-- --------------------------------------------------------

--
-- Estructura de tabla para la tabla `migrations`
--

CREATE TABLE `migrations` (
  `id` int(10) UNSIGNED NOT NULL,
  `migration` varchar(191) COLLATE utf8mb4_unicode_ci NOT NULL,
  `batch` int(11) NOT NULL
) ENGINE=InnoDB DEFAULT CHARSET=utf8mb4 COLLATE=utf8mb4_unicode_ci;

--
-- Volcado de datos para la tabla `migrations`
--

INSERT INTO `migrations` (`id`, `migration`, `batch`) VALUES
(1, '2014_10_12_000000_create_users_table', 1),
(2, '2014_10_12_100000_create_password_resets_table', 1),
(3, '2019_11_21_021021_alter_user_and_role_table', 1),
(4, '2019_11_24_141902_alltables', 1),
(5, '2019_12_05_030558_alter_user_table_add_identification_number', 1),
(6, '2019_12_05_044052_create_instalationstable', 1),
(7, '2019_12_09_021621_create_table_documents', 1);

-- --------------------------------------------------------

--
-- Estructura de tabla para la tabla `password_resets`
--

CREATE TABLE `password_resets` (
  `email` varchar(191) COLLATE utf8mb4_unicode_ci NOT NULL,
  `token` varchar(191) COLLATE utf8mb4_unicode_ci NOT NULL,
  `created_at` timestamp NULL DEFAULT NULL
) ENGINE=InnoDB DEFAULT CHARSET=utf8mb4 COLLATE=utf8mb4_unicode_ci;

-- --------------------------------------------------------

--
-- Estructura de tabla para la tabla `report_type`
--

CREATE TABLE `report_type` (
  `id` bigint(20) UNSIGNED NOT NULL,
  `value` varchar(191) COLLATE utf8mb4_unicode_ci NOT NULL,
  `name` varchar(191) COLLATE utf8mb4_unicode_ci NOT NULL,
  `help` varchar(191) COLLATE utf8mb4_unicode_ci NOT NULL,
  `created_at` timestamp NULL DEFAULT NULL,
  `updated_at` timestamp NULL DEFAULT NULL
) ENGINE=InnoDB DEFAULT CHARSET=utf8mb4 COLLATE=utf8mb4_unicode_ci;

--
-- Volcado de datos para la tabla `report_type`
--

INSERT INTO `report_type` (`id`, `value`, `name`, `help`, `created_at`, `updated_at`) VALUES
(1, 'ZPMI', 'ZPMI', 'help', NULL, NULL),
(3, 'ZPMR', 'ZPMR', 'help', NULL, NULL),
(4, 'ZPMC', 'ZPMC', 'help', NULL, NULL);

-- --------------------------------------------------------

--
-- Estructura de tabla para la tabla `roles`
--

CREATE TABLE `roles` (
  `id` bigint(20) UNSIGNED NOT NULL,
  `name` varchar(191) COLLATE utf8mb4_unicode_ci NOT NULL,
  `value` varchar(191) COLLATE utf8mb4_unicode_ci NOT NULL,
  `created_at` timestamp NULL DEFAULT NULL,
  `updated_at` timestamp NULL DEFAULT NULL
) ENGINE=InnoDB DEFAULT CHARSET=utf8mb4 COLLATE=utf8mb4_unicode_ci;

--
-- Volcado de datos para la tabla `roles`
--

INSERT INTO `roles` (`id`, `name`, `value`, `created_at`, `updated_at`) VALUES
(1, 'Administrador', 'AD', '2020-01-05 22:25:38', '2020-01-05 22:25:38'),
(2, 'Operador', 'OP', '2020-01-05 22:25:39', '2020-01-05 22:25:39');

-- --------------------------------------------------------

--
-- Estructura de tabla para la tabla `users`
--

CREATE TABLE `users` (
  `id` bigint(20) UNSIGNED NOT NULL,
  `identification_document` int(11) DEFAULT NULL,
  `name` varchar(191) COLLATE utf8mb4_unicode_ci NOT NULL,
  `lastname` varchar(191) COLLATE utf8mb4_unicode_ci NOT NULL,
  `username` varchar(191) COLLATE utf8mb4_unicode_ci NOT NULL,
  `email` varchar(191) COLLATE utf8mb4_unicode_ci NOT NULL,
  `email_verified_at` timestamp NULL DEFAULT NULL,
  `password` varchar(191) COLLATE utf8mb4_unicode_ci NOT NULL,
  `phone_number` varchar(191) COLLATE utf8mb4_unicode_ci DEFAULT NULL,
  `remember_token` varchar(100) COLLATE utf8mb4_unicode_ci DEFAULT NULL,
  `created_at` timestamp NULL DEFAULT NULL,
  `updated_at` timestamp NULL DEFAULT NULL,
  `role_id` int(11) DEFAULT NULL
) ENGINE=InnoDB DEFAULT CHARSET=utf8mb4 COLLATE=utf8mb4_unicode_ci;

--
-- Volcado de datos para la tabla `users`
--

INSERT INTO `users` (`id`, `identification_document`, `name`, `lastname`, `username`, `email`, `email_verified_at`, `password`, `phone_number`, `remember_token`, `created_at`, `updated_at`, `role_id`) VALUES
(1, 27381899, 'Administrator', ' Administrador', 'admin', 'admin@admin.com', NULL, '$2y$10$elGCg6iH/e6TfWPHJWlbIOXTxmlWO0W7Ke1aXlH5q4Nt3u8PSoUhK', NULL, NULL, '2020-01-05 22:25:38', '2020-01-05 22:25:38', 1),
(2, 27381899, 'Alberto', 'Betancourt', 'R25GOBERTO', 'alberto@user.com', NULL, '$2y$10$nXmwifSq1gkdJ5gjRFJgS.549pRhgB8offL1w7q6m6PNflhNTng6C', NULL, NULL, '2020-01-05 22:25:38', '2020-01-05 22:25:38', 2),
(3, 27381899, 'Prueba', 'Test', 'prueba', 'prueba@user.com', NULL, '$2y$10$I90vewsSMuGrohVWMPKJ3.FF8TxG4MnJd7WMzRdyF1mtPqeJgrrSa', NULL, NULL, '2020-01-05 22:25:38', '2020-01-05 22:25:38', 2),
(4, 27381899, 'NUBIA CAROLINA', 'ARAUJO GONZALEZ\r\n', 'R25NARAUJO', 'nubia@user.com', NULL, '$2y$10$nXmwifSq1gkdJ5gjRFJgS.549pRhgB8offL1w7q6m6PNflhNTng6C', NULL, NULL, '2020-01-05 22:25:38', '2020-01-05 22:25:38', 2);

-- --------------------------------------------------------

--
-- Estructura de tabla para la tabla `zone`
--

CREATE TABLE `zone` (
  `id` bigint(20) UNSIGNED NOT NULL,
  `name` text COLLATE utf8mb4_unicode_ci NOT NULL,
  `code` text COLLATE utf8mb4_unicode_ci NOT NULL,
  `created_at` timestamp NULL DEFAULT NULL,
  `updated_at` timestamp NULL DEFAULT NULL
) ENGINE=InnoDB DEFAULT CHARSET=utf8mb4 COLLATE=utf8mb4_unicode_ci;

--
-- Índices para tablas volcadas
--

--
-- Indices de la tabla `call_center_reports`
--
ALTER TABLE `call_center_reports`
  ADD PRIMARY KEY (`id`);

--
-- Indices de la tabla `clients`
--
ALTER TABLE `clients`
  ADD PRIMARY KEY (`id`),
  ADD UNIQUE KEY `clients_code_unique` (`code`),
  ADD UNIQUE KEY `clients_rif_unique` (`rif`);

--
-- Indices de la tabla `documents`
--
ALTER TABLE `documents`
  ADD PRIMARY KEY (`id`);

--
-- Indices de la tabla `instalation`
--
ALTER TABLE `instalation`
  ADD PRIMARY KEY (`id`);

--
-- Indices de la tabla `kit_details_reports`
--
ALTER TABLE `kit_details_reports`
  ADD PRIMARY KEY (`id`);

--
-- Indices de la tabla `kit_reports`
--
ALTER TABLE `kit_reports`
  ADD PRIMARY KEY (`id`);

--
-- Indices de la tabla `migrations`
--
ALTER TABLE `migrations`
  ADD PRIMARY KEY (`id`);

--
-- Indices de la tabla `password_resets`
--
ALTER TABLE `password_resets`
  ADD KEY `password_resets_email_index` (`email`);

--
-- Indices de la tabla `report_type`
--
ALTER TABLE `report_type`
  ADD PRIMARY KEY (`id`),
  ADD UNIQUE KEY `report_type_value_unique` (`value`),
  ADD UNIQUE KEY `report_type_name_unique` (`name`);

--
-- Indices de la tabla `roles`
--
ALTER TABLE `roles`
  ADD PRIMARY KEY (`id`),
  ADD UNIQUE KEY `roles_value_unique` (`value`);

--
-- Indices de la tabla `users`
--
ALTER TABLE `users`
  ADD PRIMARY KEY (`id`),
  ADD UNIQUE KEY `users_email_unique` (`email`);

--
-- Indices de la tabla `zone`
--
ALTER TABLE `zone`
  ADD PRIMARY KEY (`id`);

--
-- AUTO_INCREMENT de las tablas volcadas
--

--
-- AUTO_INCREMENT de la tabla `call_center_reports`
--
ALTER TABLE `call_center_reports`
  MODIFY `id` bigint(20) UNSIGNED NOT NULL AUTO_INCREMENT, AUTO_INCREMENT=187;

--
-- AUTO_INCREMENT de la tabla `clients`
--
ALTER TABLE `clients`
  MODIFY `id` bigint(20) UNSIGNED NOT NULL AUTO_INCREMENT;

--
-- AUTO_INCREMENT de la tabla `documents`
--
ALTER TABLE `documents`
  MODIFY `id` bigint(20) UNSIGNED NOT NULL AUTO_INCREMENT, AUTO_INCREMENT=5;

--
-- AUTO_INCREMENT de la tabla `instalation`
--
ALTER TABLE `instalation`
  MODIFY `id` bigint(20) UNSIGNED NOT NULL AUTO_INCREMENT;

--
-- AUTO_INCREMENT de la tabla `kit_details_reports`
--
ALTER TABLE `kit_details_reports`
  MODIFY `id` bigint(20) UNSIGNED NOT NULL AUTO_INCREMENT, AUTO_INCREMENT=31;

--
-- AUTO_INCREMENT de la tabla `kit_reports`
--
ALTER TABLE `kit_reports`
  MODIFY `id` bigint(20) UNSIGNED NOT NULL AUTO_INCREMENT, AUTO_INCREMENT=9;

--
-- AUTO_INCREMENT de la tabla `migrations`
--
ALTER TABLE `migrations`
  MODIFY `id` int(10) UNSIGNED NOT NULL AUTO_INCREMENT, AUTO_INCREMENT=8;

--
-- AUTO_INCREMENT de la tabla `report_type`
--
ALTER TABLE `report_type`
  MODIFY `id` bigint(20) UNSIGNED NOT NULL AUTO_INCREMENT, AUTO_INCREMENT=5;

--
-- AUTO_INCREMENT de la tabla `roles`
--
ALTER TABLE `roles`
  MODIFY `id` bigint(20) UNSIGNED NOT NULL AUTO_INCREMENT, AUTO_INCREMENT=3;

--
-- AUTO_INCREMENT de la tabla `users`
--
ALTER TABLE `users`
  MODIFY `id` bigint(20) UNSIGNED NOT NULL AUTO_INCREMENT, AUTO_INCREMENT=5;

--
-- AUTO_INCREMENT de la tabla `zone`
--
ALTER TABLE `zone`
  MODIFY `id` bigint(20) UNSIGNED NOT NULL AUTO_INCREMENT;
COMMIT;

/*!40101 SET CHARACTER_SET_CLIENT=@OLD_CHARACTER_SET_CLIENT */;
/*!40101 SET CHARACTER_SET_RESULTS=@OLD_CHARACTER_SET_RESULTS */;
/*!40101 SET COLLATION_CONNECTION=@OLD_COLLATION_CONNECTION */;
